{
  "model": "Qwen/Qwen2-7B-Instruct",
  "target_coverage": 0.9,
  "samples_per_dataset": 2,
  "dataset_stats": {
    "passkey": {
      "num_samples": 2,
      "total_queries": 8092,
      "min_k": 15,
      "max_k": 1167,
      "mean_k": 392.77347998022736,
      "std_k": 227.762990204665,
      "k_ratio": 77.8
    },
    "kv_retrieval": {
      "num_samples": 2,
      "total_queries": 8092,
      "min_k": 7,
      "max_k": 1356,
      "mean_k": 401.46181413741965,
      "std_k": 229.85925146060086,
      "k_ratio": 193.71428571428572
    },
    "longbook_qa_eng": {
      "num_samples": 2,
      "total_queries": 8092,
      "min_k": 8,
      "max_k": 786,
      "mean_k": 199.70489372219475,
      "std_k": 132.94412100098947,
      "k_ratio": 98.25
    },
    "math_find": {
      "num_samples": 2,
      "total_queries": 8092,
      "min_k": 10,
      "max_k": 1625,
      "mean_k": 633.754943153732,
      "std_k": 343.1763742701072,
      "k_ratio": 162.5
    }
  }
}