{
    "kv_retrieval": 343.64328598976135,
    "longdialogue_qa_eng": 168.21678280830383,
    "math_find": 215.7772934436798,
    "code_debug": 227.42557096481323,
    "passkey": 222.88966512680054,
    "number_string": 227.14172267913818
}